,classifier,features,baseline,precision_0.01,precision_0.02,precision_0.05,precision_0.1,precision_0.2,precision_0.3,precision_0.5,recall_0.01,recall_0.02,recall_0.05,recall_0.1,recall_0.2,recall_0.3,recall_0.5,auc_roc
0,"AdaBoostClassifier(algorithm='SAMME.R',
          base_estimator=LogisticRegression(C=1.0, class_weight=None, dual=False, fit_intercept=True,
          intercept_scaling=1, max_iter=100, multi_class='warn',
          n_jobs=None, penalty='l2', random_state=0, solver='liblinear',
          tol=0.0001, verbose=0, warm_start=False),
          learning_rate=1.0, n_estimators=100, random_state=None)",population,0.8918106686701728,0.1,0.0875,0.09547738693467336,0.0875,0.10625,0.12437395659432388,0.11517275913870806,0.009259259259259259,0.016203703703703703,0.04398148148148148,0.08101851851851852,0.19675925925925927,0.3449074074074074,0.5324074074074074,0.5277813530323359
1,"BaggingClassifier(base_estimator=KNeighborsClassifier(algorithm='auto', leaf_size=30, metric='minkowski',
           metric_params=None, n_jobs=None, n_neighbors=5, p=2,
           weights='uniform'),
         bootstrap=True, bootstrap_features=False,
         max_features=0.3333333333333333, max_samples=0.2, n_estimators=10,
         n_jobs=None, oob_score=False, random_state=None, verbose=0,
         warm_start=False)",population,0.8918106686701728,0.3877551020408163,0.3111111111111111,0.2563176895306859,0.23094170403587444,0.1980074719800747,0.1781609195402299,0.14960991280403854,0.04398148148148148,0.06481481481481481,0.16435185185185186,0.23842592592592593,0.3680555555555556,0.5023148148148148,0.7546296296296297,0.6724914063881349
2,"RandomForestClassifier(bootstrap=True, class_weight=None, criterion='gini',
            max_depth=None, max_features='auto', max_leaf_nodes=None,
            min_impurity_decrease=0.0, min_impurity_split=None,
            min_samples_leaf=1, min_samples_split=2,
            min_weight_fraction_leaf=0.0, n_estimators=1000, n_jobs=None,
            oob_score=False, random_state=0, verbose=0, warm_start=False)",population,0.8918106686701728,0.926829268292683,0.9125,0.7412935323383084,0.585,0.44110275689223055,0.35225375626043404,0.216,0.08796296296296297,0.16898148148148148,0.3449074074074074,0.5416666666666666,0.8148148148148148,0.9768518518518519,1.0,0.9382465781563647
3,"LinearSVC(C=1.0, class_weight=None, dual=True, fit_intercept=True,
     intercept_scaling=1, loss='squared_hinge', max_iter=1000,
     multi_class='ovr', penalty='l2', random_state=0, tol=0.0001,
     verbose=0)",population,0.8918106686701728,0.1,0.0875,0.0945273631840796,0.0875,0.10625,0.12437395659432388,0.11517275913870806,0.009259259259259259,0.016203703703703703,0.04398148148148148,0.08101851851851852,0.19675925925925927,0.3449074074074074,0.5324074074074074,0.5277813530323359
4,"LogisticRegression(C=1.0, class_weight=None, dual=False, fit_intercept=True,
          intercept_scaling=1, max_iter=100, multi_class='warn',
          n_jobs=None, penalty='l1', random_state=0, solver='liblinear',
          tol=0.0001, verbose=0, warm_start=False)",population,0.8918106686701728,0.1,0.0875,0.0945273631840796,0.0875,0.10625,0.12437395659432388,0.11517275913870806,0.009259259259259259,0.016203703703703703,0.04398148148148148,0.08101851851851852,0.19675925925925927,0.3449074074074074,0.5324074074074074,0.5277813530323359
5,"DecisionTreeClassifier(class_weight=None, criterion='gini', max_depth=5,
            max_features=None, max_leaf_nodes=None,
            min_impurity_decrease=0.0, min_impurity_split=None,
            min_samples_leaf=1, min_samples_split=2,
            min_weight_fraction_leaf=0.0, presort=False, random_state=None,
            splitter='best')",population,0.8918106686701728,0.15474919957310565,0.15474919957310565,0.15474919957310565,0.15474919957310565,0.15474919957310565,0.14546684709066307,0.13096351730589337,0.33564814814814814,0.33564814814814814,0.33564814814814814,0.33564814814814814,0.33564814814814814,0.4976851851851852,0.6481481481481481,0.5970571104662652
6,"KNeighborsClassifier(algorithm='auto', leaf_size=30, metric='minkowski',
           metric_params=None, n_jobs=None, n_neighbors=3, p=2,
           weights='uniform')",population,0.8918106686701728,0.5263157894736842,0.5263157894736842,0.31669394435351883,0.31669394435351883,0.31669394435351883,0.31669394435351883,0.10818933132982719,0.18518518518518517,0.18518518518518517,0.8958333333333334,0.8958333333333334,0.8958333333333334,0.8958333333333334,1.0,0.8434230267195024
7,"AdaBoostClassifier(algorithm='SAMME.R',
          base_estimator=LogisticRegression(C=1.0, class_weight=None, dual=False, fit_intercept=True,
          intercept_scaling=1, max_iter=100, multi_class='warn',
          n_jobs=None, penalty='l2', random_state=0, solver='liblinear',
          tol=0.0001, verbose=0, warm_start=False),
          learning_rate=1.0, n_estimators=100, random_state=None)",poverty-rate,0.8918106686701728,0.1406761177753544,0.1406761177753544,0.1406761177753544,0.1406761177753544,0.1406761177753544,0.1352253756260434,0.1387080620931397,0.2986111111111111,0.2986111111111111,0.2986111111111111,0.2986111111111111,0.2986111111111111,0.375,0.6412037037037037,0.5964571177467837
8,"BaggingClassifier(base_estimator=KNeighborsClassifier(algorithm='auto', leaf_size=30, metric='minkowski',
           metric_params=None, n_jobs=None, n_neighbors=5, p=2,
           weights='uniform'),
         bootstrap=True, bootstrap_features=False,
         max_features=0.3333333333333333, max_samples=0.2, n_estimators=10,
         n_jobs=None, oob_score=False, random_state=None, verbose=0,
         warm_start=False)",poverty-rate,0.8918106686701728,0.24390243902439024,0.24691358024691357,0.19230769230769232,0.19114219114219114,0.17791411042944785,0.15380736258194655,0.14824120603015076,0.023148148148148147,0.046296296296296294,0.09259259259259259,0.18981481481481483,0.33564814814814814,0.7060185185185185,0.8194444444444444,0.6568132651044755
9,"RandomForestClassifier(bootstrap=True, class_weight=None, criterion='gini',
            max_depth=None, max_features='auto', max_leaf_nodes=None,
            min_impurity_decrease=0.0, min_impurity_split=None,
            min_samples_leaf=1, min_samples_split=2,
            min_weight_fraction_leaf=0.0, n_estimators=1000, n_jobs=None,
            oob_score=False, random_state=0, verbose=0, warm_start=False)",poverty-rate,0.8918106686701728,1.0,0.9878048780487805,0.835820895522388,0.6359102244389028,0.2669570628500311,0.2669570628500311,0.21632448673009513,0.09259259259259259,0.1875,0.3888888888888889,0.5902777777777778,0.9930555555555556,0.9930555555555556,1.0,0.9204167836749977
10,"LinearSVC(C=1.0, class_weight=None, dual=True, fit_intercept=True,
     intercept_scaling=1, loss='squared_hinge', max_iter=1000,
     multi_class='ovr', penalty='l2', random_state=0, tol=0.0001,
     verbose=0)",poverty-rate,0.8918106686701728,0.1406761177753544,0.1406761177753544,0.1406761177753544,0.1406761177753544,0.1406761177753544,0.1352253756260434,0.1387080620931397,0.2986111111111111,0.2986111111111111,0.2986111111111111,0.2986111111111111,0.2986111111111111,0.375,0.6412037037037037,0.5964571177467837
11,"LogisticRegression(C=1.0, class_weight=None, dual=False, fit_intercept=True,
          intercept_scaling=1, max_iter=100, multi_class='warn',
          n_jobs=None, penalty='l1', random_state=0, solver='liblinear',
          tol=0.0001, verbose=0, warm_start=False)",poverty-rate,0.8918106686701728,0.1406761177753544,0.1406761177753544,0.1406761177753544,0.1406761177753544,0.1406761177753544,0.1352253756260434,0.1387080620931397,0.2986111111111111,0.2986111111111111,0.2986111111111111,0.2986111111111111,0.2986111111111111,0.375,0.6412037037037037,0.5964571177467837
12,"DecisionTreeClassifier(class_weight=None, criterion='gini', max_depth=5,
            max_features=None, max_leaf_nodes=None,
            min_impurity_decrease=0.0, min_impurity_split=None,
            min_samples_leaf=1, min_samples_split=2,
            min_weight_fraction_leaf=0.0, presort=False, random_state=None,
            splitter='best')",poverty-rate,0.8918106686701728,0.2111111111111111,0.2111111111111111,0.1457423580786026,0.1457423580786026,0.1457423580786026,0.1457423580786026,0.13706183536825522,0.08796296296296297,0.08796296296296297,0.6180555555555556,0.6180555555555556,0.6180555555555556,0.6180555555555556,0.8055555555555556,0.6218001471704786
13,"KNeighborsClassifier(algorithm='auto', leaf_size=30, metric='minkowski',
           metric_params=None, n_jobs=None, n_neighbors=3, p=2,
           weights='uniform')",poverty-rate,0.8918106686701728,0.6454545454545455,0.6454545454545455,0.3495260663507109,0.3495260663507109,0.3495260663507109,0.10818933132982719,0.10818933132982719,0.16435185185185186,0.16435185185185186,0.6828703703703703,0.6828703703703703,0.6828703703703703,1.0,1.0,0.7732797825205154
14,"AdaBoostClassifier(algorithm='SAMME.R',
          base_estimator=LogisticRegression(C=1.0, class_weight=None, dual=False, fit_intercept=True,
          intercept_scaling=1, max_iter=100, multi_class='warn',
          n_jobs=None, penalty='l2', random_state=0, solver='liblinear',
          tol=0.0001, verbose=0, warm_start=False),
          learning_rate=1.0, n_estimators=100, random_state=None)",renter-occupied-households,0.8918106686701728,0.041666666666666664,0.06097560975609756,0.1031390134529148,0.12158808933002481,0.12955974842767295,0.1343906510851419,0.12768079800498752,0.004629629629629629,0.011574074074074073,0.05324074074074074,0.11342592592592593,0.23842592592592593,0.3726851851851852,0.5925925925925926,0.5661890126577012
15,"BaggingClassifier(base_estimator=KNeighborsClassifier(algorithm='auto', leaf_size=30, metric='minkowski',
           metric_params=None, n_jobs=None, n_neighbors=5, p=2,
           weights='uniform'),
         bootstrap=True, bootstrap_features=False,
         max_features=0.3333333333333333, max_samples=0.2, n_estimators=10,
         n_jobs=None, oob_score=False, random_state=None, verbose=0,
         warm_start=False)",renter-occupied-households,0.8918106686701728,0.3404255319148936,0.2967032967032967,0.23444976076555024,0.2103960396039604,0.1962719298245614,0.1787878787878788,0.15516420752022847,0.037037037037037035,0.0625,0.11342592592592593,0.19675925925925927,0.41435185185185186,0.5462962962962963,0.7546296296296297,0.6814659453753108
16,"RandomForestClassifier(bootstrap=True, class_weight=None, criterion='gini',
            max_depth=None, max_features='auto', max_leaf_nodes=None,
            min_impurity_decrease=0.0, min_impurity_split=None,
            min_samples_leaf=1, min_samples_split=2,
            min_weight_fraction_leaf=0.0, n_estimators=1000, n_jobs=None,
            oob_score=False, random_state=0, verbose=0, warm_start=False)",renter-occupied-households,0.8918106686701728,0.6530612244897959,0.5714285714285714,0.43781094527363185,0.3598014888337469,0.29213483146067415,0.2551781275890638,0.20388833499501496,0.07407407407407407,0.1111111111111111,0.2037037037037037,0.33564814814814814,0.5416666666666666,0.7129629629629629,0.9467592592592593,0.8274920174316411
17,"LinearSVC(C=1.0, class_weight=None, dual=True, fit_intercept=True,
     intercept_scaling=1, loss='squared_hinge', max_iter=1000,
     multi_class='ovr', penalty='l2', random_state=0, tol=0.0001,
     verbose=0)",renter-occupied-households,0.8918106686701728,0.041666666666666664,0.06097560975609756,0.1031390134529148,0.12158808933002481,0.128428927680798,0.1343906510851419,0.12768079800498752,0.004629629629629629,0.011574074074074073,0.05324074074074074,0.11342592592592593,0.23842592592592593,0.3726851851851852,0.5925925925925926,0.5661890126577012
18,"LogisticRegression(C=1.0, class_weight=None, dual=False, fit_intercept=True,
          intercept_scaling=1, max_iter=100, multi_class='warn',
          n_jobs=None, penalty='l1', random_state=0, solver='liblinear',
          tol=0.0001, verbose=0, warm_start=False)",renter-occupied-households,0.8918106686701728,0.041666666666666664,0.06097560975609756,0.1031390134529148,0.12158808933002481,0.128428927680798,0.1343906510851419,0.12768079800498752,0.004629629629629629,0.011574074074074073,0.05324074074074074,0.11342592592592593,0.23842592592592593,0.3726851851851852,0.5925925925925926,0.5661890126577012
19,"DecisionTreeClassifier(class_weight=None, criterion='gini', max_depth=5,
            max_features=None, max_leaf_nodes=None,
            min_impurity_decrease=0.0, min_impurity_split=None,
            min_samples_leaf=1, min_samples_split=2,
            min_weight_fraction_leaf=0.0, presort=False, random_state=None,
            splitter='best')",renter-occupied-households,0.8918106686701728,0.3333333333333333,0.2717391304347826,0.15885947046843177,0.15885947046843177,0.15885947046843177,0.12986553432413306,0.12986553432413306,0.034722222222222224,0.05787037037037037,0.3611111111111111,0.3611111111111111,0.3611111111111111,0.8495370370370371,0.8495370370370371,0.6171942442301892
20,"KNeighborsClassifier(algorithm='auto', leaf_size=30, metric='minkowski',
           metric_params=None, n_jobs=None, n_neighbors=3, p=2,
           weights='uniform')",renter-occupied-households,0.8918106686701728,0.35772357723577236,0.35772357723577236,0.22878932316491898,0.22878932316491898,0.22878932316491898,0.10818933132982719,0.10818933132982719,0.10185185185185185,0.10185185185185185,0.5555555555555556,0.5555555555555556,0.5555555555555556,1.0,1.0,0.6696555794772587
21,"AdaBoostClassifier(algorithm='SAMME.R',
          base_estimator=LogisticRegression(C=1.0, class_weight=None, dual=False, fit_intercept=True,
          intercept_scaling=1, max_iter=100, multi_class='warn',
          n_jobs=None, penalty='l2', random_state=0, solver='liblinear',
          tol=0.0001, verbose=0, warm_start=False),
          learning_rate=1.0, n_estimators=100, random_state=None)",pct-renter-occupied,0.8918106686701728,0.08670520231213873,0.08670520231213873,0.095,0.10972568578553615,0.13141426783479349,0.1318864774624374,0.13069604406609914,0.034722222222222224,0.034722222222222224,0.04398148148148148,0.10185185185185185,0.24305555555555555,0.36574074074074076,0.6041666666666666,0.5721678133483104
22,"BaggingClassifier(base_estimator=KNeighborsClassifier(algorithm='auto', leaf_size=30, metric='minkowski',
           metric_params=None, n_jobs=None, n_neighbors=5, p=2,
           weights='uniform'),
         bootstrap=True, bootstrap_features=False,
         max_features=0.3333333333333333, max_samples=0.2, n_estimators=10,
         n_jobs=None, oob_score=False, random_state=None, verbose=0,
         warm_start=False)",pct-renter-occupied,0.8918106686701728,0.35,0.2926829268292683,0.25757575757575757,0.24385245901639344,0.2191780821917808,0.18837018837018837,0.1483996120271581,0.032407407407407406,0.05555555555555555,0.1574074074074074,0.27546296296296297,0.4074074074074074,0.5324074074074074,0.7083333333333334,0.6695154945032087
23,"RandomForestClassifier(bootstrap=True, class_weight=None, criterion='gini',
            max_depth=None, max_features='auto', max_leaf_nodes=None,
            min_impurity_decrease=0.0, min_impurity_split=None,
            min_samples_leaf=1, min_samples_split=2,
            min_weight_fraction_leaf=0.0, n_estimators=1000, n_jobs=None,
            oob_score=False, random_state=0, verbose=0, warm_start=False)",pct-renter-occupied,0.8918106686701728,1.0,1.0,0.98,0.8525,0.5206508135168961,0.3564929693961952,0.21632448673009513,0.09259259259259259,0.18518518518518517,0.4537037037037037,0.7893518518518519,0.9629629629629629,0.9976851851851852,1.0,0.9856180510052316
24,"LinearSVC(C=1.0, class_weight=None, dual=True, fit_intercept=True,
     intercept_scaling=1, loss='squared_hinge', max_iter=1000,
     multi_class='ovr', penalty='l2', random_state=0, tol=0.0001,
     verbose=0)",pct-renter-occupied,0.8918106686701728,0.08670520231213873,0.08670520231213873,0.095,0.10972568578553615,0.13141426783479349,0.1318864774624374,0.13069604406609914,0.034722222222222224,0.034722222222222224,0.04398148148148148,0.10185185185185185,0.24305555555555555,0.36574074074074076,0.6041666666666666,0.5721678133483104
25,"LogisticRegression(C=1.0, class_weight=None, dual=False, fit_intercept=True,
          intercept_scaling=1, max_iter=100, multi_class='warn',
          n_jobs=None, penalty='l1', random_state=0, solver='liblinear',
          tol=0.0001, verbose=0, warm_start=False)",pct-renter-occupied,0.8918106686701728,0.08670520231213873,0.08670520231213873,0.095,0.10972568578553615,0.13141426783479349,0.1318864774624374,0.13069604406609914,0.034722222222222224,0.034722222222222224,0.04398148148148148,0.10185185185185185,0.24305555555555555,0.36574074074074076,0.6041666666666666,0.5721678133483104
26,"DecisionTreeClassifier(class_weight=None, criterion='gini', max_depth=5,
            max_features=None, max_leaf_nodes=None,
            min_impurity_decrease=0.0, min_impurity_split=None,
            min_samples_leaf=1, min_samples_split=2,
            min_weight_fraction_leaf=0.0, presort=False, random_state=None,
            splitter='best')",pct-renter-occupied,0.8918106686701728,0.375,0.14104441190824793,0.14104441190824793,0.14104441190824793,0.14104441190824793,0.14104441190824793,0.14104441190824793,0.041666666666666664,0.6689814814814815,0.6689814814814815,0.6689814814814815,0.6689814814814815,0.6689814814814815,0.6689814814814815,0.6128886626727823
27,"KNeighborsClassifier(algorithm='auto', leaf_size=30, metric='minkowski',
           metric_params=None, n_jobs=None, n_neighbors=3, p=2,
           weights='uniform')",pct-renter-occupied,0.8918106686701728,0.6144578313253012,0.6144578313253012,0.3721973094170404,0.3721973094170404,0.3721973094170404,0.10818933132982719,0.10818933132982719,0.2361111111111111,0.2361111111111111,0.9606481481481481,0.9606481481481481,0.9606481481481481,1.0,1.0,0.8967775255598198
28,"AdaBoostClassifier(algorithm='SAMME.R',
          base_estimator=LogisticRegression(C=1.0, class_weight=None, dual=False, fit_intercept=True,
          intercept_scaling=1, max_iter=100, multi_class='warn',
          n_jobs=None, penalty='l2', random_state=0, solver='liblinear',
          tol=0.0001, verbose=0, warm_start=False),
          learning_rate=1.0, n_estimators=100, random_state=None)",median-gross-rent,0.8918106686701728,0.15,0.0875,0.065,0.11471321695760599,0.13375,0.12323064113238967,0.12186978297161936,0.013888888888888888,0.016203703703703703,0.03009259259259259,0.10648148148148148,0.24768518518518517,0.3425925925925926,0.6759259259259259,0.5436863604688653
29,"BaggingClassifier(base_estimator=KNeighborsClassifier(algorithm='auto', leaf_size=30, metric='minkowski',
           metric_params=None, n_jobs=None, n_neighbors=5, p=2,
           weights='uniform'),
         bootstrap=True, bootstrap_features=False,
         max_features=0.3333333333333333, max_samples=0.2, n_estimators=10,
         n_jobs=None, oob_score=False, random_state=None, verbose=0,
         warm_start=False)",median-gross-rent,0.8918106686701728,0.2127659574468085,0.25301204819277107,0.21559633027522937,0.2,0.15638766519823788,0.15638766519823788,0.1499265066144047,0.023148148148148147,0.04861111111111111,0.1087962962962963,0.19675925925925927,0.4930555555555556,0.4930555555555556,0.7083333333333334,0.652190785983962
30,"RandomForestClassifier(bootstrap=True, class_weight=None, criterion='gini',
            max_depth=None, max_features='auto', max_leaf_nodes=None,
            min_impurity_decrease=0.0, min_impurity_split=None,
            min_samples_leaf=1, min_samples_split=2,
            min_weight_fraction_leaf=0.0, n_estimators=1000, n_jobs=None,
            oob_score=False, random_state=0, verbose=0, warm_start=False)",median-gross-rent,0.8918106686701728,0.95,0.875,0.6530612244897959,0.49257425742574257,0.3454317897371715,0.22816901408450704,0.21346633416458852,0.08796296296296297,0.16203703703703703,0.2962962962962963,0.46064814814814814,0.6388888888888888,0.9375,0.9907407407407407,0.8700869501908535
31,"LinearSVC(C=1.0, class_weight=None, dual=True, fit_intercept=True,
     intercept_scaling=1, loss='squared_hinge', max_iter=1000,
     multi_class='ovr', penalty='l2', random_state=0, tol=0.0001,
     verbose=0)",median-gross-rent,0.8918106686701728,0.1,0.0625,0.065,0.08728179551122195,0.08354114713216958,0.08757297748123437,0.10196406184705391,0.009259259259259259,0.011574074074074073,0.03009259259259259,0.08101851851851852,0.1550925925925926,0.24305555555555555,0.5648148148148148,0.4563136395311346
32,"LogisticRegression(C=1.0, class_weight=None, dual=False, fit_intercept=True,
          intercept_scaling=1, max_iter=100, multi_class='warn',
          n_jobs=None, penalty='l1', random_state=0, solver='liblinear',
          tol=0.0001, verbose=0, warm_start=False)",median-gross-rent,0.8918106686701728,0.15,0.0875,0.065,0.11471321695760599,0.13375,0.12323064113238967,0.12186978297161936,0.013888888888888888,0.016203703703703703,0.03009259259259259,0.10648148148148148,0.24768518518518517,0.3425925925925926,0.6759259259259259,0.5436863604688653
33,"DecisionTreeClassifier(class_weight=None, criterion='gini', max_depth=5,
            max_features=None, max_leaf_nodes=None,
            min_impurity_decrease=0.0, min_impurity_split=None,
            min_samples_leaf=1, min_samples_split=2,
            min_weight_fraction_leaf=0.0, presort=False, random_state=None,
            splitter='best')",median-gross-rent,0.8918106686701728,0.1906779661016949,0.1906779661016949,0.1906779661016949,0.1906779661016949,0.14810045074050227,0.14810045074050227,0.1312422616591003,0.20833333333333334,0.20833333333333334,0.20833333333333334,0.20833333333333334,0.5324074074074074,0.5324074074074074,0.7361111111111112,0.6120832553277793
34,"KNeighborsClassifier(algorithm='auto', leaf_size=30, metric='minkowski',
           metric_params=None, n_jobs=None, n_neighbors=3, p=2,
           weights='uniform')",median-gross-rent,0.8918106686701728,0.49640287769784175,0.49640287769784175,0.31203931203931207,0.31203931203931207,0.31203931203931207,0.10818933132982719,0.10818933132982719,0.1597222222222222,0.1597222222222222,0.5879629629629629,0.5879629629629629,0.5879629629629629,1.0,1.0,0.7221546174087595
35,"AdaBoostClassifier(algorithm='SAMME.R',
          base_estimator=LogisticRegression(C=1.0, class_weight=None, dual=False, fit_intercept=True,
          intercept_scaling=1, max_iter=100, multi_class='warn',
          n_jobs=None, penalty='l2', random_state=0, solver='liblinear',
          tol=0.0001, verbose=0, warm_start=False),
          learning_rate=1.0, n_estimators=100, random_state=None)",median-household-income,0.8918106686701728,0.1,0.0625,0.07,0.1075,0.11889862327909888,0.1318864774624374,0.13365617433414043,0.009259259259259259,0.011574074074074073,0.032407407407407406,0.09953703703703703,0.2199074074074074,0.36574074074074076,0.6388888888888888,0.5782567968839382
36,"BaggingClassifier(base_estimator=KNeighborsClassifier(algorithm='auto', leaf_size=30, metric='minkowski',
           metric_params=None, n_jobs=None, n_neighbors=5, p=2,
           weights='uniform'),
         bootstrap=True, bootstrap_features=False,
         max_features=0.3333333333333333, max_samples=0.2, n_estimators=10,
         n_jobs=None, oob_score=False, random_state=None, verbose=0,
         warm_start=False)",median-household-income,0.8918106686701728,0.32727272727272727,0.3069306930693069,0.2831050228310502,0.25355450236966826,0.205,0.1786492374727669,0.15475627070515854,0.041666666666666664,0.07175925925925926,0.14351851851851852,0.24768518518518517,0.37962962962962965,0.5694444444444444,0.7569444444444444,0.6842643946248973
37,"RandomForestClassifier(bootstrap=True, class_weight=None, criterion='gini',
            max_depth=None, max_features='auto', max_leaf_nodes=None,
            min_impurity_decrease=0.0, min_impurity_split=None,
            min_samples_leaf=1, min_samples_split=2,
            min_weight_fraction_leaf=0.0, n_estimators=1000, n_jobs=None,
            oob_score=False, random_state=0, verbose=0, warm_start=False)",median-household-income,0.8918106686701728,1.0,1.0,0.9950980392156863,0.9102244389027432,0.5168961201501877,0.3603002502085071,0.21114369501466276,0.09259259259259259,0.1875,0.4699074074074074,0.8449074074074074,0.9560185185185185,1.0,1.0,0.9899155069840972
38,"LinearSVC(C=1.0, class_weight=None, dual=True, fit_intercept=True,
     intercept_scaling=1, loss='squared_hinge', max_iter=1000,
     multi_class='ovr', penalty='l2', random_state=0, tol=0.0001,
     verbose=0)",median-household-income,0.8918106686701728,0.05,0.0625,0.039603960396039604,0.035,0.05381727158948686,0.06833333333333333,0.08280871670702179,0.004629629629629629,0.011574074074074073,0.018518518518518517,0.032407407407407406,0.09953703703703703,0.18981481481481483,0.3958333333333333,0.42174320311606184
39,"LogisticRegression(C=1.0, class_weight=None, dual=False, fit_intercept=True,
          intercept_scaling=1, max_iter=100, multi_class='warn',
          n_jobs=None, penalty='l1', random_state=0, solver='liblinear',
          tol=0.0001, verbose=0, warm_start=False)",median-household-income,0.8918106686701728,0.1,0.0625,0.07,0.1075,0.11889862327909888,0.1318864774624374,0.13365617433414043,0.009259259259259259,0.011574074074074073,0.032407407407407406,0.09953703703703703,0.2199074074074074,0.36574074074074076,0.6388888888888888,0.5782567968839382
40,"DecisionTreeClassifier(class_weight=None, criterion='gini', max_depth=5,
            max_features=None, max_leaf_nodes=None,
            min_impurity_decrease=0.0, min_impurity_split=None,
            min_samples_leaf=1, min_samples_split=2,
            min_weight_fraction_leaf=0.0, presort=False, random_state=None,
            splitter='best')",median-household-income,0.8918106686701728,0.15636363636363637,0.15636363636363637,0.15636363636363637,0.15636363636363637,0.15636363636363637,0.15636363636363637,0.1383983572895277,0.4976851851851852,0.4976851851851852,0.4976851851851852,0.4976851851851852,0.4976851851851852,0.4976851851851852,0.7800925925925926,0.6306843297242765
41,"KNeighborsClassifier(algorithm='auto', leaf_size=30, metric='minkowski',
           metric_params=None, n_jobs=None, n_neighbors=3, p=2,
           weights='uniform')",median-household-income,0.8918106686701728,0.6506849315068494,0.6506849315068494,0.37765466297322253,0.37765466297322253,0.37765466297322253,0.10818933132982719,0.10818933132982719,0.2199074074074074,0.2199074074074074,0.9467592592592593,0.9467592592592593,0.9467592592592593,1.0,1.0,0.8928080179308767
42,"AdaBoostClassifier(algorithm='SAMME.R',
          base_estimator=LogisticRegression(C=1.0, class_weight=None, dual=False, fit_intercept=True,
          intercept_scaling=1, max_iter=100, multi_class='warn',
          n_jobs=None, penalty='l2', random_state=0, solver='liblinear',
          tol=0.0001, verbose=0, warm_start=False),
          learning_rate=1.0, n_estimators=100, random_state=None)",median-property-value,0.8918106686701728,0.125,0.15,0.10945273631840796,0.1175,0.13375,0.1302170283806344,0.12601431980906921,0.011574074074074073,0.027777777777777776,0.05092592592592592,0.1087962962962963,0.24768518518518517,0.3611111111111111,0.6111111111111112,0.5591646125204115
43,"BaggingClassifier(base_estimator=KNeighborsClassifier(algorithm='auto', leaf_size=30, metric='minkowski',
           metric_params=None, n_jobs=None, n_neighbors=5, p=2,
           weights='uniform'),
         bootstrap=True, bootstrap_features=False,
         max_features=0.3333333333333333, max_samples=0.2, n_estimators=10,
         n_jobs=None, oob_score=False, random_state=None, verbose=0,
         warm_start=False)",median-property-value,0.8918106686701728,0.225,0.21348314606741572,0.22660098522167488,0.20045045045045046,0.18619934282584885,0.1781848459616986,0.15167984189723321,0.020833333333333332,0.04398148148148148,0.10648148148148148,0.20601851851851852,0.39351851851851855,0.49537037037037035,0.7106481481481481,0.6618124460461585
44,"RandomForestClassifier(bootstrap=True, class_weight=None, criterion='gini',
            max_depth=None, max_features='auto', max_leaf_nodes=None,
            min_impurity_decrease=0.0, min_impurity_split=None,
            min_samples_leaf=1, min_samples_split=2,
            min_weight_fraction_leaf=0.0, n_estimators=1000, n_jobs=None,
            oob_score=False, random_state=0, verbose=0, warm_start=False)",median-property-value,0.8918106686701728,1.0,1.0,0.9800995024875622,0.745,0.5068836045056321,0.35392320534223703,0.21578421578421578,0.09259259259259259,0.1875,0.45601851851851855,0.6898148148148148,0.9375,0.9814814814814815,1.0,0.9708239726668538
45,"LinearSVC(C=1.0, class_weight=None, dual=True, fit_intercept=True,
     intercept_scaling=1, loss='squared_hinge', max_iter=1000,
     multi_class='ovr', penalty='l2', random_state=0, tol=0.0001,
     verbose=0)",median-property-value,0.8918106686701728,0.1,0.08641975308641975,0.055,0.0675,0.075,0.08590492076730609,0.08404966571155682,0.009259259259259259,0.016203703703703703,0.02546296296296296,0.0625,0.1388888888888889,0.23842592592592593,0.4074074074074074,0.44083538747958856
46,"LogisticRegression(C=1.0, class_weight=None, dual=False, fit_intercept=True,
          intercept_scaling=1, max_iter=100, multi_class='warn',
          n_jobs=None, penalty='l1', random_state=0, solver='liblinear',
          tol=0.0001, verbose=0, warm_start=False)",median-property-value,0.8918106686701728,0.125,0.15,0.10945273631840796,0.1175,0.13375,0.1302170283806344,0.12601431980906921,0.011574074074074073,0.027777777777777776,0.05092592592592592,0.1087962962962963,0.24768518518518517,0.3611111111111111,0.6111111111111112,0.5591646125204115
47,"DecisionTreeClassifier(class_weight=None, criterion='gini', max_depth=5,
            max_features=None, max_leaf_nodes=None,
            min_impurity_decrease=0.0, min_impurity_split=None,
            min_samples_leaf=1, min_samples_split=2,
            min_weight_fraction_leaf=0.0, presort=False, random_state=None,
            splitter='best')",median-property-value,0.8918106686701728,0.2733812949640288,0.2733812949640288,0.1407528641571195,0.1407528641571195,0.1407528641571195,0.1407528641571195,0.12238805970149254,0.08796296296296297,0.08796296296296297,0.5972222222222222,0.5972222222222222,0.5972222222222222,0.5972222222222222,0.9490740740740741,0.6111166365045191
48,"KNeighborsClassifier(algorithm='auto', leaf_size=30, metric='minkowski',
           metric_params=None, n_jobs=None, n_neighbors=3, p=2,
           weights='uniform')",median-property-value,0.8918106686701728,0.7053571428571429,0.7053571428571429,0.36444444444444446,0.36444444444444446,0.36444444444444446,0.10818933132982719,0.10818933132982719,0.18287037037037038,0.18287037037037038,0.9490740740740741,0.9490740740740741,0.9490740740740741,1.0,1.0,0.88821251573112
49,"AdaBoostClassifier(algorithm='SAMME.R',
          base_estimator=LogisticRegression(C=1.0, class_weight=None, dual=False, fit_intercept=True,
          intercept_scaling=1, max_iter=100, multi_class='warn',
          n_jobs=None, penalty='l2', random_state=0, solver='liblinear',
          tol=0.0001, verbose=0, warm_start=False),
          learning_rate=1.0, n_estimators=100, random_state=None)",rent-burden,0.8918106686701728,0.2,0.12345679012345678,0.15,0.125,0.13,0.1315136476426799,0.12330508474576271,0.018518518518518517,0.023148148148148147,0.06944444444444445,0.11574074074074074,0.24074074074074073,0.3680555555555556,0.6736111111111112,0.5504604927870864
50,"BaggingClassifier(base_estimator=KNeighborsClassifier(algorithm='auto', leaf_size=30, metric='minkowski',
           metric_params=None, n_jobs=None, n_neighbors=5, p=2,
           weights='uniform'),
         bootstrap=True, bootstrap_features=False,
         max_features=0.3333333333333333, max_samples=0.2, n_estimators=10,
         n_jobs=None, oob_score=False, random_state=None, verbose=0,
         warm_start=False)",rent-burden,0.8918106686701728,0.28888888888888886,0.26595744680851063,0.19932432432432431,0.20815450643776823,0.17142857142857143,0.13718622300058378,0.12987012987012986,0.03009259259259259,0.05787037037037037,0.13657407407407407,0.22453703703703703,0.3888888888888889,0.5439814814814815,0.625,0.6211166235035934
51,"RandomForestClassifier(bootstrap=True, class_weight=None, criterion='gini',
            max_depth=None, max_features='auto', max_leaf_nodes=None,
            min_impurity_decrease=0.0, min_impurity_split=None,
            min_samples_leaf=1, min_samples_split=2,
            min_weight_fraction_leaf=0.0, n_estimators=1000, n_jobs=None,
            oob_score=False, random_state=0, verbose=0, warm_start=False)",rent-burden,0.8918106686701728,0.5348837209302325,0.4606741573033708,0.37254901960784315,0.3054187192118227,0.24257425742574257,0.18622300058377117,0.17617617617617617,0.05324074074074074,0.09490740740740741,0.17592592592592593,0.28703703703703703,0.4537037037037037,0.7384259259259259,0.8148148148148148,0.7521906559747055
52,"LinearSVC(C=1.0, class_weight=None, dual=True, fit_intercept=True,
     intercept_scaling=1, loss='squared_hinge', max_iter=1000,
     multi_class='ovr', penalty='l2', random_state=0, tol=0.0001,
     verbose=0)",rent-burden,0.8918106686701728,0.08914728682170543,0.08914728682170543,0.08914728682170543,0.08914728682170543,0.08582089552238806,0.08554817275747509,0.10101867572156197,0.10648148148148148,0.10648148148148148,0.10648148148148148,0.10648148148148148,0.1597222222222222,0.23842592592592593,0.5509259259259259,0.4495395072129136
53,"LogisticRegression(C=1.0, class_weight=None, dual=False, fit_intercept=True,
          intercept_scaling=1, max_iter=100, multi_class='warn',
          n_jobs=None, penalty='l1', random_state=0, solver='liblinear',
          tol=0.0001, verbose=0, warm_start=False)",rent-burden,0.8918106686701728,0.2,0.12345679012345678,0.15,0.125,0.13,0.1315136476426799,0.12330508474576271,0.018518518518518517,0.023148148148148147,0.06944444444444445,0.11574074074074074,0.24074074074074073,0.3680555555555556,0.6736111111111112,0.5504604927870864
54,"DecisionTreeClassifier(class_weight=None, criterion='gini', max_depth=5,
            max_features=None, max_leaf_nodes=None,
            min_impurity_decrease=0.0, min_impurity_split=None,
            min_samples_leaf=1, min_samples_split=2,
            min_weight_fraction_leaf=0.0, presort=False, random_state=None,
            splitter='best')",rent-burden,0.8918106686701728,0.30357142857142855,0.24719101123595505,0.1438415159345392,0.1438415159345392,0.1438415159345392,0.139937106918239,0.13535911602209943,0.03935185185185185,0.05092592592592592,0.38657407407407407,0.38657407407407407,0.38657407407407407,0.6180555555555556,0.6805555555555556,0.5986669500868461
55,"KNeighborsClassifier(algorithm='auto', leaf_size=30, metric='minkowski',
           metric_params=None, n_jobs=None, n_neighbors=3, p=2,
           weights='uniform')",rent-burden,0.8918106686701728,0.27692307692307694,0.27692307692307694,0.20278099652375434,0.20278099652375434,0.20278099652375434,0.10818933132982719,0.10818933132982719,0.08333333333333333,0.08333333333333333,0.4050925925925926,0.4050925925925926,0.4050925925925926,1.0,1.0,0.6086477607205634
56,"AdaBoostClassifier(algorithm='SAMME.R',
          base_estimator=LogisticRegression(C=1.0, class_weight=None, dual=False, fit_intercept=True,
          intercept_scaling=1, max_iter=100, multi_class='warn',
          n_jobs=None, penalty='l2', random_state=0, solver='liblinear',
          tol=0.0001, verbose=0, warm_start=False),
          learning_rate=1.0, n_estimators=100, random_state=None)",pct-white,0.8918106686701728,0.175,0.125,0.11940298507462686,0.135,0.15143929912390489,0.15275459098497496,0.1442163244867301,0.016203703703703703,0.023148148148148147,0.05555555555555555,0.125,0.2800925925925926,0.4236111111111111,0.6666666666666666,0.6019925868721853
57,"BaggingClassifier(base_estimator=KNeighborsClassifier(algorithm='auto', leaf_size=30, metric='minkowski',
           metric_params=None, n_jobs=None, n_neighbors=5, p=2,
           weights='uniform'),
         bootstrap=True, bootstrap_features=False,
         max_features=0.3333333333333333, max_samples=0.2, n_estimators=10,
         n_jobs=None, oob_score=False, random_state=None, verbose=0,
         warm_start=False)",pct-white,0.8918106686701728,0.3953488372093023,0.3058823529411765,0.28169014084507044,0.24813895781637718,0.2102803738317757,0.1873479318734793,0.13696612665684832,0.03935185185185185,0.06018518518518518,0.1388888888888889,0.23148148148148148,0.4166666666666667,0.5347222222222222,0.8611111111111112,0.685620716194993
58,"RandomForestClassifier(bootstrap=True, class_weight=None, criterion='gini',
            max_depth=None, max_features='auto', max_leaf_nodes=None,
            min_impurity_decrease=0.0, min_impurity_split=None,
            min_samples_leaf=1, min_samples_split=2,
            min_weight_fraction_leaf=0.0, n_estimators=1000, n_jobs=None,
            oob_score=False, random_state=0, verbose=0, warm_start=False)",pct-white,0.8918106686701728,1.0,1.0,1.0,0.86,0.5043478260869565,0.30422535211267604,0.216,0.09259259259259259,0.18518518518518517,0.4675925925925926,0.7962962962962963,0.9398148148148148,1.0,1.0,0.980158962318117
59,"LinearSVC(C=1.0, class_weight=None, dual=True, fit_intercept=True,
     intercept_scaling=1, loss='squared_hinge', max_iter=1000,
     multi_class='ovr', penalty='l2', random_state=0, tol=0.0001,
     verbose=0)",pct-white,0.8918106686701728,0.175,0.125,0.11940298507462686,0.135,0.15143929912390489,0.15275459098497496,0.1442163244867301,0.016203703703703703,0.023148148148148147,0.05555555555555555,0.125,0.2800925925925926,0.4236111111111111,0.6666666666666666,0.6019925868721853
60,"LogisticRegression(C=1.0, class_weight=None, dual=False, fit_intercept=True,
          intercept_scaling=1, max_iter=100, multi_class='warn',
          n_jobs=None, penalty='l1', random_state=0, solver='liblinear',
          tol=0.0001, verbose=0, warm_start=False)",pct-white,0.8918106686701728,0.175,0.125,0.11940298507462686,0.135,0.15143929912390489,0.15275459098497496,0.1442163244867301,0.016203703703703703,0.023148148148148147,0.05555555555555555,0.125,0.2800925925925926,0.4236111111111111,0.6666666666666666,0.6019925868721853
61,"DecisionTreeClassifier(class_weight=None, criterion='gini', max_depth=5,
            max_features=None, max_leaf_nodes=None,
            min_impurity_decrease=0.0, min_impurity_split=None,
            min_samples_leaf=1, min_samples_split=2,
            min_weight_fraction_leaf=0.0, presort=False, random_state=None,
            splitter='best')",pct-white,0.8918106686701728,0.5116279069767442,0.34831460674157305,0.18491735537190082,0.18491735537190082,0.18491735537190082,0.175,0.15418287937743191,0.05092592592592592,0.07175925925925926,0.41435185185185186,0.41435185185185186,0.41435185185185186,0.4861111111111111,0.7337962962962963,0.6571083861170915
62,"KNeighborsClassifier(algorithm='auto', leaf_size=30, metric='minkowski',
           metric_params=None, n_jobs=None, n_neighbors=3, p=2,
           weights='uniform')",pct-white,0.8918106686701728,0.7050359712230215,0.7050359712230215,0.37406716417910446,0.37406716417910446,0.37406716417910446,0.10818933132982719,0.10818933132982719,0.22685185185185186,0.22685185185185186,0.9282407407407407,0.9282407407407407,0.9282407407407407,1.0,1.0,0.8860410361217719
63,"AdaBoostClassifier(algorithm='SAMME.R',
          base_estimator=LogisticRegression(C=1.0, class_weight=None, dual=False, fit_intercept=True,
          intercept_scaling=1, max_iter=100, multi_class='warn',
          n_jobs=None, penalty='l2', random_state=0, solver='liblinear',
          tol=0.0001, verbose=0, warm_start=False),
          learning_rate=1.0, n_estimators=100, random_state=None)",pct-af-am,0.8918106686701728,0.1414790996784566,0.1414790996784566,0.1414790996784566,0.1414790996784566,0.1414790996784566,0.14011676396997497,0.1342013019529294,0.3055555555555556,0.3055555555555556,0.3055555555555556,0.3055555555555556,0.3055555555555556,0.3888888888888889,0.6203703703703703,0.5936979962973363
64,"BaggingClassifier(base_estimator=KNeighborsClassifier(algorithm='auto', leaf_size=30, metric='minkowski',
           metric_params=None, n_jobs=None, n_neighbors=5, p=2,
           weights='uniform'),
         bootstrap=True, bootstrap_features=False,
         max_features=0.3333333333333333, max_samples=0.2, n_estimators=10,
         n_jobs=None, oob_score=False, random_state=None, verbose=0,
         warm_start=False)",pct-af-am,0.8918106686701728,0.2857142857142857,0.27007299270072993,0.2297872340425532,0.16359616801768606,0.16359616801768606,0.16359616801768606,0.1494199535962877,0.027777777777777776,0.08564814814814815,0.125,0.5138888888888888,0.5138888888888888,0.5138888888888888,0.7453703703703703,0.656124541067324
65,"RandomForestClassifier(bootstrap=True, class_weight=None, criterion='gini',
            max_depth=None, max_features='auto', max_leaf_nodes=None,
            min_impurity_decrease=0.0, min_impurity_split=None,
            min_samples_leaf=1, min_samples_split=2,
            min_weight_fraction_leaf=0.0, n_estimators=1000, n_jobs=None,
            oob_score=False, random_state=0, verbose=0, warm_start=False)",pct-af-am,0.8918106686701728,0.975,0.975609756097561,0.8391959798994975,0.6134663341645885,0.25749235474006116,0.25749235474006116,0.21621621621621623,0.09027777777777778,0.18518518518518517,0.38657407407407407,0.5694444444444444,0.9745370370370371,0.9745370370370371,1.0,0.9086668720812923
66,"LinearSVC(C=1.0, class_weight=None, dual=True, fit_intercept=True,
     intercept_scaling=1, loss='squared_hinge', max_iter=1000,
     multi_class='ovr', penalty='l2', random_state=0, tol=0.0001,
     verbose=0)",pct-af-am,0.8918106686701728,0.08333333333333333,0.08333333333333333,0.07462686567164178,0.055,0.04755944931163955,0.06176961602671119,0.08212318477716575,0.023148148148148147,0.023148148148148147,0.034722222222222224,0.05092592592592592,0.08796296296296297,0.1712962962962963,0.37962962962962965,0.40630200370266356
67,"LogisticRegression(C=1.0, class_weight=None, dual=False, fit_intercept=True,
          intercept_scaling=1, max_iter=100, multi_class='warn',
          n_jobs=None, penalty='l1', random_state=0, solver='liblinear',
          tol=0.0001, verbose=0, warm_start=False)",pct-af-am,0.8918106686701728,0.1414790996784566,0.1414790996784566,0.1414790996784566,0.1414790996784566,0.1414790996784566,0.14011676396997497,0.1342013019529294,0.3055555555555556,0.3055555555555556,0.3055555555555556,0.3055555555555556,0.3055555555555556,0.3888888888888889,0.6203703703703703,0.5936979962973363
68,"DecisionTreeClassifier(class_weight=None, criterion='gini', max_depth=5,
            max_features=None, max_leaf_nodes=None,
            min_impurity_decrease=0.0, min_impurity_split=None,
            min_samples_leaf=1, min_samples_split=2,
            min_weight_fraction_leaf=0.0, presort=False, random_state=None,
            splitter='best')",pct-af-am,0.8918106686701728,0.3617021276595745,0.1531279178338002,0.1531279178338002,0.1531279178338002,0.1531279178338002,0.13478426880488736,0.13478426880488736,0.03935185185185185,0.37962962962962965,0.37962962962962965,0.37962962962962965,0.37962962962962965,0.8171296296296297,0.8171296296296297,0.6208670057308081
69,"KNeighborsClassifier(algorithm='auto', leaf_size=30, metric='minkowski',
           metric_params=None, n_jobs=None, n_neighbors=3, p=2,
           weights='uniform')",pct-af-am,0.8918106686701728,0.6052631578947368,0.34875,0.34875,0.34875,0.34875,0.10818933132982719,0.10818933132982719,0.10648148148148148,0.6458333333333334,0.6458333333333334,0.6458333333333334,0.6458333333333334,1.0,1.0,0.7548418697411257
70,"AdaBoostClassifier(algorithm='SAMME.R',
          base_estimator=LogisticRegression(C=1.0, class_weight=None, dual=False, fit_intercept=True,
          intercept_scaling=1, max_iter=100, multi_class='warn',
          n_jobs=None, penalty='l2', random_state=0, solver='liblinear',
          tol=0.0001, verbose=0, warm_start=False),
          learning_rate=1.0, n_estimators=100, random_state=None)",pct-hispanic,0.8918106686701728,0.07293666026871401,,0.07293666026871401,0.07293666026871401,0.08135168961201501,0.08347245409015025,0.09864797195793691,0.08796296296296297,0.0,0.08796296296296297,0.08796296296296297,0.15046296296296297,0.23148148148148148,0.45601851851851855,0.47486823561837604
71,"BaggingClassifier(base_estimator=KNeighborsClassifier(algorithm='auto', leaf_size=30, metric='minkowski',
           metric_params=None, n_jobs=None, n_neighbors=5, p=2,
           weights='uniform'),
         bootstrap=True, bootstrap_features=False,
         max_features=0.3333333333333333, max_samples=0.2, n_estimators=10,
         n_jobs=None, oob_score=False, random_state=None, verbose=0,
         warm_start=False)",pct-hispanic,0.8918106686701728,0.2857142857142857,0.2716049382716049,0.23846153846153847,0.2144638403990025,0.19156626506024096,0.17416189697465248,0.13606710158434296,0.032407407407407406,0.05092592592592592,0.14351851851851852,0.19907407407407407,0.3680555555555556,0.4930555555555556,0.6759259259259259,0.6394180265634912
72,"RandomForestClassifier(bootstrap=True, class_weight=None, criterion='gini',
            max_depth=None, max_features='auto', max_leaf_nodes=None,
            min_impurity_decrease=0.0, min_impurity_split=None,
            min_samples_leaf=1, min_samples_split=2,
            min_weight_fraction_leaf=0.0, n_estimators=1000, n_jobs=None,
            oob_score=False, random_state=0, verbose=0, warm_start=False)",pct-hispanic,0.8918106686701728,1.0,0.9875,0.98,0.805,0.48816936488169366,0.2821685173089484,0.21621621621621623,0.09259259259259259,0.18287037037037038,0.4537037037037037,0.7453703703703703,0.9074074074074074,1.0,1.0,0.9685016823197812
73,"LinearSVC(C=1.0, class_weight=None, dual=True, fit_intercept=True,
     intercept_scaling=1, loss='squared_hinge', max_iter=1000,
     multi_class='ovr', penalty='l2', random_state=0, tol=0.0001,
     verbose=0)",pct-hispanic,0.8918106686701728,0.1,0.0875,0.08955223880597014,0.0825,0.0951188986232791,0.10851419031719532,0.11805902951475739,0.009259259259259259,0.016203703703703703,0.041666666666666664,0.0763888888888889,0.17592592592592593,0.30092592592592593,0.5462962962962963,0.525131764381624
74,"LogisticRegression(C=1.0, class_weight=None, dual=False, fit_intercept=True,
          intercept_scaling=1, max_iter=100, multi_class='warn',
          n_jobs=None, penalty='l1', random_state=0, solver='liblinear',
          tol=0.0001, verbose=0, warm_start=False)",pct-hispanic,0.8918106686701728,0.07293666026871401,,0.07293666026871401,0.07293666026871401,0.08135168961201501,0.08347245409015025,0.09864797195793691,0.08796296296296297,0.0,0.08796296296296297,0.08796296296296297,0.15046296296296297,0.23148148148148148,0.45601851851851855,0.47486823561837604
75,"DecisionTreeClassifier(class_weight=None, criterion='gini', max_depth=5,
            max_features=None, max_leaf_nodes=None,
            min_impurity_decrease=0.0, min_impurity_split=None,
            min_samples_leaf=1, min_samples_split=2,
            min_weight_fraction_leaf=0.0, presort=False, random_state=None,
            splitter='best')",pct-hispanic,0.8918106686701728,0.3902439024390244,0.1340160284951024,0.1340160284951024,0.1340160284951024,0.1340160284951024,0.1340160284951024,0.1340160284951024,0.037037037037037035,0.6967592592592593,0.6967592592592593,0.6967592592592593,0.6967592592592593,0.6967592592592593,0.6967592592592593,0.5919987753128023
76,"KNeighborsClassifier(algorithm='auto', leaf_size=30, metric='minkowski',
           metric_params=None, n_jobs=None, n_neighbors=3, p=2,
           weights='uniform')",pct-hispanic,0.8918106686701728,0.6779661016949152,0.6779661016949152,0.37816764132553604,0.37816764132553604,0.37816764132553604,0.10818933132982719,0.10818933132982719,0.18518518518518517,0.18518518518518517,0.8981481481481481,0.8981481481481481,0.8981481481481481,1.0,1.0,0.8713883428500109
77,"AdaBoostClassifier(algorithm='SAMME.R',
          base_estimator=LogisticRegression(C=1.0, class_weight=None, dual=False, fit_intercept=True,
          intercept_scaling=1, max_iter=100, multi_class='warn',
          n_jobs=None, penalty='l2', random_state=0, solver='liblinear',
          tol=0.0001, verbose=0, warm_start=False),
          learning_rate=1.0, n_estimators=100, random_state=None)",pct-am-ind,0.8918106686701728,0.10747539239159351,0.10747539239159351,0.10747539239159351,0.10747539239159351,0.10747539239159351,0.10747539239159351,0.10747539239159351,0.9351851851851852,0.9351851851851852,0.9351851851851852,0.9351851851851852,0.9351851851851852,0.9351851851851852,0.9351851851851852,0.4967374177041405
78,"BaggingClassifier(base_estimator=KNeighborsClassifier(algorithm='auto', leaf_size=30, metric='minkowski',
           metric_params=None, n_jobs=None, n_neighbors=5, p=2,
           weights='uniform'),
         bootstrap=True, bootstrap_features=False,
         max_features=0.3333333333333333, max_samples=0.2, n_estimators=10,
         n_jobs=None, oob_score=False, random_state=None, verbose=0,
         warm_start=False)",pct-am-ind,0.8918106686701728,0.1956521739130435,0.10911458333333333,0.10911458333333333,0.10911458333333333,0.10911458333333333,0.10911458333333333,0.10911458333333333,0.020833333333333332,0.9699074074074074,0.9699074074074074,0.9699074074074074,0.9699074074074074,0.9699074074074074,0.9699074074074074,0.5137231270866487
79,"RandomForestClassifier(bootstrap=True, class_weight=None, criterion='gini',
            max_depth=None, max_features='auto', max_leaf_nodes=None,
            min_impurity_decrease=0.0, min_impurity_split=None,
            min_samples_leaf=1, min_samples_split=2,
            min_weight_fraction_leaf=0.0, n_estimators=1000, n_jobs=None,
            oob_score=False, random_state=0, verbose=0, warm_start=False)",pct-am-ind,0.8918106686701728,0.65,0.1130890052356021,0.1130890052356021,0.1130890052356021,0.1130890052356021,0.1130890052356021,0.1130890052356021,0.06018518518518518,1.0,1.0,1.0,1.0,1.0,1.0,0.5507270117632375
80,"LinearSVC(C=1.0, class_weight=None, dual=True, fit_intercept=True,
     intercept_scaling=1, loss='squared_hinge', max_iter=1000,
     multi_class='ovr', penalty='l2', random_state=0, tol=0.0001,
     verbose=0)",pct-am-ind,0.8918106686701728,0.10747539239159351,0.10747539239159351,0.10747539239159351,0.10747539239159351,0.10747539239159351,0.10747539239159351,0.10747539239159351,0.9351851851851852,0.9351851851851852,0.9351851851851852,0.9351851851851852,0.9351851851851852,0.9351851851851852,0.9351851851851852,0.4967374177041405
81,"LogisticRegression(C=1.0, class_weight=None, dual=False, fit_intercept=True,
          intercept_scaling=1, max_iter=100, multi_class='warn',
          n_jobs=None, penalty='l1', random_state=0, solver='liblinear',
          tol=0.0001, verbose=0, warm_start=False)",pct-am-ind,0.8918106686701728,0.10747539239159351,0.10747539239159351,0.10747539239159351,0.10747539239159351,0.10747539239159351,0.10747539239159351,0.10747539239159351,0.9351851851851852,0.9351851851851852,0.9351851851851852,0.9351851851851852,0.9351851851851852,0.9351851851851852,0.9351851851851852,0.4967374177041405
82,"DecisionTreeClassifier(class_weight=None, criterion='gini', max_depth=5,
            max_features=None, max_leaf_nodes=None,
            min_impurity_decrease=0.0, min_impurity_split=None,
            min_samples_leaf=1, min_samples_split=2,
            min_weight_fraction_leaf=0.0, presort=False, random_state=None,
            splitter='best')",pct-am-ind,0.8918106686701728,0.2962962962962963,0.11039629439011837,0.11039629439011837,0.11039629439011837,0.11039629439011837,0.11039629439011837,0.11039629439011837,0.037037037037037035,0.9930555555555556,0.9930555555555556,0.9930555555555556,0.9930555555555556,0.9930555555555556,0.9930555555555556,0.5239516053543012
83,"KNeighborsClassifier(algorithm='auto', leaf_size=30, metric='minkowski',
           metric_params=None, n_jobs=None, n_neighbors=3, p=2,
           weights='uniform')",pct-am-ind,0.8918106686701728,0.4307692307692308,0.10818933132982719,0.10818933132982719,0.10818933132982719,0.10818933132982719,0.10818933132982719,0.10818933132982719,0.06481481481481481,1.0,1.0,1.0,1.0,1.0,1.0,0.5272759420470737
84,"AdaBoostClassifier(algorithm='SAMME.R',
          base_estimator=LogisticRegression(C=1.0, class_weight=None, dual=False, fit_intercept=True,
          intercept_scaling=1, max_iter=100, multi_class='warn',
          n_jobs=None, penalty='l2', random_state=0, solver='liblinear',
          tol=0.0001, verbose=0, warm_start=False),
          learning_rate=1.0, n_estimators=100, random_state=None)",pct-asian,0.8918106686701728,0.175,0.125,0.1188118811881188,0.13,0.12375,0.12844036697247707,0.1271907861792689,0.016203703703703703,0.023148148148148147,0.05555555555555555,0.12037037037037036,0.22916666666666666,0.35648148148148145,0.5879629629629629,0.5471488319968383
85,"BaggingClassifier(base_estimator=KNeighborsClassifier(algorithm='auto', leaf_size=30, metric='minkowski',
           metric_params=None, n_jobs=None, n_neighbors=5, p=2,
           weights='uniform'),
         bootstrap=True, bootstrap_features=False,
         max_features=0.3333333333333333, max_samples=0.2, n_estimators=10,
         n_jobs=None, oob_score=False, random_state=None, verbose=0,
         warm_start=False)",pct-asian,0.8918106686701728,0.21568627450980393,0.23170731707317074,0.24537037037037038,0.2081447963800905,0.17627118644067796,0.16761133603238867,0.12238325281803543,0.02546296296296296,0.04398148148148148,0.12268518518518519,0.21296296296296297,0.3611111111111111,0.4791666666666667,0.8796296296296297,0.6248784413450238
86,"RandomForestClassifier(bootstrap=True, class_weight=None, criterion='gini',
            max_depth=None, max_features='auto', max_leaf_nodes=None,
            min_impurity_decrease=0.0, min_impurity_split=None,
            min_samples_leaf=1, min_samples_split=2,
            min_weight_fraction_leaf=0.0, n_estimators=1000, n_jobs=None,
            oob_score=False, random_state=0, verbose=0, warm_start=False)",pct-asian,0.8918106686701728,1.0,0.9876543209876543,0.82,0.6019900497512438,0.18445772843723313,0.18445772843723313,0.18445772843723313,0.09259259259259259,0.18518518518518517,0.37962962962962965,0.5601851851851852,1.0,1.0,1.0,0.8776544639978368
87,"LinearSVC(C=1.0, class_weight=None, dual=True, fit_intercept=True,
     intercept_scaling=1, loss='squared_hinge', max_iter=1000,
     multi_class='ovr', penalty='l2', random_state=0, tol=0.0001,
     verbose=0)",pct-asian,0.8918106686701728,0.175,0.125,0.1188118811881188,0.13,0.12375,0.12844036697247707,0.1271907861792689,0.016203703703703703,0.023148148148148147,0.05555555555555555,0.12037037037037036,0.22916666666666666,0.35648148148148145,0.5879629629629629,0.5471488319968383
88,"LogisticRegression(C=1.0, class_weight=None, dual=False, fit_intercept=True,
          intercept_scaling=1, max_iter=100, multi_class='warn',
          n_jobs=None, penalty='l1', random_state=0, solver='liblinear',
          tol=0.0001, verbose=0, warm_start=False)",pct-asian,0.8918106686701728,0.175,0.125,0.1188118811881188,0.13,0.12375,0.12844036697247707,0.1271907861792689,0.016203703703703703,0.023148148148148147,0.05555555555555555,0.12037037037037036,0.22916666666666666,0.35648148148148145,0.5879629629629629,0.5471488319968383
89,"DecisionTreeClassifier(class_weight=None, criterion='gini', max_depth=5,
            max_features=None, max_leaf_nodes=None,
            min_impurity_decrease=0.0, min_impurity_split=None,
            min_samples_leaf=1, min_samples_split=2,
            min_weight_fraction_leaf=0.0, presort=False, random_state=None,
            splitter='best')",pct-asian,0.8918106686701728,0.45,0.1334355828220859,0.1334355828220859,0.1334355828220859,0.1334355828220859,0.1334355828220859,0.11184384067528357,0.041666666666666664,0.6041666666666666,0.6041666666666666,0.6041666666666666,0.6041666666666666,0.6041666666666666,0.9814814814814815,0.5789578718004721
90,"KNeighborsClassifier(algorithm='auto', leaf_size=30, metric='minkowski',
           metric_params=None, n_jobs=None, n_neighbors=3, p=2,
           weights='uniform')",pct-asian,0.8918106686701728,0.6404494382022472,0.6404494382022472,0.36328125,0.36328125,0.10818933132982719,0.10818933132982719,0.10818933132982719,0.13194444444444445,0.13194444444444445,0.6458333333333334,0.6458333333333334,1.0,1.0,1.0,0.760413741458392
91,"AdaBoostClassifier(algorithm='SAMME.R',
          base_estimator=LogisticRegression(C=1.0, class_weight=None, dual=False, fit_intercept=True,
          intercept_scaling=1, max_iter=100, multi_class='warn',
          n_jobs=None, penalty='l2', random_state=0, solver='liblinear',
          tol=0.0001, verbose=0, warm_start=False),
          learning_rate=1.0, n_estimators=100, random_state=None)",pct-nh-pi,0.8918106686701728,0.075,0.10818933132982719,0.10818933132982719,0.10818933132982719,0.10818933132982719,0.10818933132982719,0.10818933132982719,0.006944444444444444,1.0,1.0,1.0,1.0,1.0,1.0,0.4976036043766316
92,"BaggingClassifier(base_estimator=KNeighborsClassifier(algorithm='auto', leaf_size=30, metric='minkowski',
           metric_params=None, n_jobs=None, n_neighbors=5, p=2,
           weights='uniform'),
         bootstrap=True, bootstrap_features=False,
         max_features=0.3333333333333333, max_samples=0.2, n_estimators=10,
         n_jobs=None, oob_score=False, random_state=None, verbose=0,
         warm_start=False)",pct-nh-pi,0.8918106686701728,0.10909090909090909,0.10909090909090909,0.10909090909090909,0.10909090909090909,0.10909090909090909,0.10909090909090909,0.10909090909090909,1.0,1.0,1.0,1.0,1.0,1.0,1.0,0.5057802115510625
93,"RandomForestClassifier(bootstrap=True, class_weight=None, criterion='gini',
            max_depth=None, max_features='auto', max_leaf_nodes=None,
            min_impurity_decrease=0.0, min_impurity_split=None,
            min_samples_leaf=1, min_samples_split=2,
            min_weight_fraction_leaf=0.0, n_estimators=1000, n_jobs=None,
            oob_score=False, random_state=0, verbose=0, warm_start=False)",pct-nh-pi,0.8918106686701728,0.10928408803440424,0.6,0.10928408803440424,0.6,0.10928408803440424,0.10928408803440424,0.10928408803440424,1.0,0.006944444444444444,1.0,0.006944444444444444,1.0,1.0,1.0,0.5087707494773628
94,"LinearSVC(C=1.0, class_weight=None, dual=True, fit_intercept=True,
     intercept_scaling=1, loss='squared_hinge', max_iter=1000,
     multi_class='ovr', penalty='l2', random_state=0, tol=0.0001,
     verbose=0)",pct-nh-pi,0.8918106686701728,0.075,0.10818933132982719,0.10818933132982719,0.10818933132982719,0.10818933132982719,0.10818933132982719,0.10818933132982719,0.006944444444444444,1.0,1.0,1.0,1.0,1.0,1.0,0.4976036043766316
95,"LogisticRegression(C=1.0, class_weight=None, dual=False, fit_intercept=True,
          intercept_scaling=1, max_iter=100, multi_class='warn',
          n_jobs=None, penalty='l1', random_state=0, solver='liblinear',
          tol=0.0001, verbose=0, warm_start=False)",pct-nh-pi,0.8918106686701728,0.075,0.10818933132982719,0.10818933132982719,0.10818933132982719,0.10818933132982719,0.10818933132982719,0.10818933132982719,0.006944444444444444,1.0,1.0,1.0,1.0,1.0,1.0,0.4976036043766316
96,"DecisionTreeClassifier(class_weight=None, criterion='gini', max_depth=5,
            max_features=None, max_leaf_nodes=None,
            min_impurity_decrease=0.0, min_impurity_split=None,
            min_samples_leaf=1, min_samples_split=2,
            min_weight_fraction_leaf=0.0, presort=False, random_state=None,
            splitter='best')",pct-nh-pi,0.8918106686701728,0.10933940774487472,0.10933940774487472,0.10933940774487472,0.10933940774487472,0.10933940774487472,0.10933940774487472,0.10933940774487472,1.0,1.0,1.0,1.0,1.0,1.0,1.0,0.5093284891884302
97,"KNeighborsClassifier(algorithm='auto', leaf_size=30, metric='minkowski',
           metric_params=None, n_jobs=None, n_neighbors=3, p=2,
           weights='uniform')",pct-nh-pi,0.8918106686701728,0.10818933132982719,0.10818933132982719,0.10818933132982719,0.10818933132982719,0.10818933132982719,0.10818933132982719,0.10818933132982719,1.0,1.0,1.0,1.0,1.0,1.0,1.0,0.5031920522741219
98,"AdaBoostClassifier(algorithm='SAMME.R',
          base_estimator=LogisticRegression(C=1.0, class_weight=None, dual=False, fit_intercept=True,
          intercept_scaling=1, max_iter=100, multi_class='warn',
          n_jobs=None, penalty='l2', random_state=0, solver='liblinear',
          tol=0.0001, verbose=0, warm_start=False),
          learning_rate=1.0, n_estimators=100, random_state=None)",pct-multiple,0.8918106686701728,0.125,0.1,0.11,0.12718204488778054,0.12060301507537688,0.11843202668890743,0.11655827913956979,0.011574074074074073,0.018518518518518517,0.05092592592592592,0.11805555555555555,0.2222222222222222,0.3287037037037037,0.5393518518518519,0.5258793176074136
99,"BaggingClassifier(base_estimator=KNeighborsClassifier(algorithm='auto', leaf_size=30, metric='minkowski',
           metric_params=None, n_jobs=None, n_neighbors=5, p=2,
           weights='uniform'),
         bootstrap=True, bootstrap_features=False,
         max_features=0.3333333333333333, max_samples=0.2, n_estimators=10,
         n_jobs=None, oob_score=False, random_state=None, verbose=0,
         warm_start=False)",pct-multiple,0.8918106686701728,0.2857142857142857,0.2716049382716049,0.2465753424657534,0.210989010989011,0.12167606768734891,0.12167606768734891,0.12167606768734891,0.032407407407407406,0.05092592592592592,0.125,0.2222222222222222,0.6990740740740741,0.6990740740740741,0.6990740740740741,0.5959146541233735
100,"RandomForestClassifier(bootstrap=True, class_weight=None, criterion='gini',
            max_depth=None, max_features='auto', max_leaf_nodes=None,
            min_impurity_decrease=0.0, min_impurity_split=None,
            min_samples_leaf=1, min_samples_split=2,
            min_weight_fraction_leaf=0.0, n_estimators=1000, n_jobs=None,
            oob_score=False, random_state=0, verbose=0, warm_start=False)",pct-multiple,0.8918106686701728,0.9534883720930233,0.7530864197530864,0.541871921182266,0.4154228855721393,0.29129886506935687,0.1532690246516613,0.1532690246516613,0.09490740740740741,0.1412037037037037,0.25462962962962965,0.38657407407407407,0.5347222222222222,0.9930555555555556,0.9930555555555556,0.7829537713085172
101,"LinearSVC(C=1.0, class_weight=None, dual=True, fit_intercept=True,
     intercept_scaling=1, loss='squared_hinge', max_iter=1000,
     multi_class='ovr', penalty='l2', random_state=0, tol=0.0001,
     verbose=0)",pct-multiple,0.8918106686701728,0.125,0.1,0.11,0.12718204488778054,0.12359550561797752,0.11843202668890743,0.11655827913956979,0.011574074074074073,0.018518518518518517,0.05092592592592592,0.11805555555555555,0.22916666666666666,0.3287037037037037,0.5393518518518519,0.5258793176074136
102,"LogisticRegression(C=1.0, class_weight=None, dual=False, fit_intercept=True,
          intercept_scaling=1, max_iter=100, multi_class='warn',
          n_jobs=None, penalty='l1', random_state=0, solver='liblinear',
          tol=0.0001, verbose=0, warm_start=False)",pct-multiple,0.8918106686701728,0.125,0.1,0.11,0.12562814070351758,0.12359550561797752,0.11843202668890743,0.11655827913956979,0.011574074074074073,0.018518518518518517,0.05092592592592592,0.11574074074074074,0.22916666666666666,0.3287037037037037,0.5393518518518519,0.5258793176074136
103,"DecisionTreeClassifier(class_weight=None, criterion='gini', max_depth=5,
            max_features=None, max_leaf_nodes=None,
            min_impurity_decrease=0.0, min_impurity_split=None,
            min_samples_leaf=1, min_samples_split=2,
            min_weight_fraction_leaf=0.0, presort=False, random_state=None,
            splitter='best')",pct-multiple,0.8918106686701728,0.30158730158730157,0.23684210526315788,0.18631178707224336,0.12839791787160207,0.17048346055979643,0.17048346055979643,0.11246684350132626,0.04398148148148148,0.0625,0.11342592592592593,0.5138888888888888,0.1550925925925926,0.1550925925925926,0.9814814814814815,0.5661327836541963
104,"KNeighborsClassifier(algorithm='auto', leaf_size=30, metric='minkowski',
           metric_params=None, n_jobs=None, n_neighbors=3, p=2,
           weights='uniform')",pct-multiple,0.8918106686701728,0.46835443037974683,0.14905149051490515,0.14905149051490515,0.14905149051490515,0.14905149051490515,0.14905149051490515,0.14905149051490515,0.08564814814814815,0.8912037037037037,0.8912037037037037,0.8912037037037037,0.8912037037037037,0.8912037037037037,0.8912037037037037,0.6581715368134211
105,"AdaBoostClassifier(algorithm='SAMME.R',
          base_estimator=LogisticRegression(C=1.0, class_weight=None, dual=False, fit_intercept=True,
          intercept_scaling=1, max_iter=100, multi_class='warn',
          n_jobs=None, penalty='l2', random_state=0, solver='liblinear',
          tol=0.0001, verbose=0, warm_start=False),
          learning_rate=1.0, n_estimators=100, random_state=None)",pct-other,0.8918106686701728,0.11056778049443086,0.11056778049443086,0.11056778049443086,0.11056778049443086,0.11056778049443086,0.11056778049443086,0.11056778049443086,0.9421296296296297,0.9421296296296297,0.9421296296296297,0.9421296296296297,0.9421296296296297,0.9421296296296297,0.9421296296296297,0.5113771100502355
106,"BaggingClassifier(base_estimator=KNeighborsClassifier(algorithm='auto', leaf_size=30, metric='minkowski',
           metric_params=None, n_jobs=None, n_neighbors=5, p=2,
           weights='uniform'),
         bootstrap=True, bootstrap_features=False,
         max_features=0.3333333333333333, max_samples=0.2, n_estimators=10,
         n_jobs=None, oob_score=False, random_state=None, verbose=0,
         warm_start=False)",pct-other,0.8918106686701728,0.18604651162790697,0.14444444444444443,0.10965250965250965,0.10965250965250965,0.10965250965250965,0.10965250965250965,0.10965250965250965,0.018518518518518517,0.03009259259259259,0.9861111111111112,0.9861111111111112,0.9861111111111112,0.9861111111111112,0.9861111111111112,0.5067838830124705
107,"RandomForestClassifier(bootstrap=True, class_weight=None, criterion='gini',
            max_depth=None, max_features='auto', max_leaf_nodes=None,
            min_impurity_decrease=0.0, min_impurity_split=None,
            min_samples_leaf=1, min_samples_split=2,
            min_weight_fraction_leaf=0.0, n_estimators=1000, n_jobs=None,
            oob_score=False, random_state=0, verbose=0, warm_start=False)",pct-other,0.8918106686701728,0.575,0.11544628540887227,0.4098360655737705,0.11544628540887227,0.4098360655737705,0.4098360655737705,0.11544628540887227,0.05324074074074074,1.0,0.05787037037037037,1.0,0.05787037037037037,0.05787037037037037,1.0,0.5573067802427533
108,"LinearSVC(C=1.0, class_weight=None, dual=True, fit_intercept=True,
     intercept_scaling=1, loss='squared_hinge', max_iter=1000,
     multi_class='ovr', penalty='l2', random_state=0, tol=0.0001,
     verbose=0)",pct-other,0.8918106686701728,0.11056778049443086,0.11056778049443086,0.11056778049443086,0.11056778049443086,0.11056778049443086,0.11056778049443086,0.11056778049443086,0.9421296296296297,0.9421296296296297,0.9421296296296297,0.9421296296296297,0.9421296296296297,0.9421296296296297,0.9421296296296297,0.5113771100502355
109,"LogisticRegression(C=1.0, class_weight=None, dual=False, fit_intercept=True,
          intercept_scaling=1, max_iter=100, multi_class='warn',
          n_jobs=None, penalty='l1', random_state=0, solver='liblinear',
          tol=0.0001, verbose=0, warm_start=False)",pct-other,0.8918106686701728,0.11056778049443086,0.11056778049443086,0.11056778049443086,0.11056778049443086,0.11056778049443086,0.11056778049443086,0.11056778049443086,0.9421296296296297,0.9421296296296297,0.9421296296296297,0.9421296296296297,0.9421296296296297,0.9421296296296297,0.9421296296296297,0.5113771100502355
110,"DecisionTreeClassifier(class_weight=None, criterion='gini', max_depth=5,
            max_features=None, max_leaf_nodes=None,
            min_impurity_decrease=0.0, min_impurity_split=None,
            min_samples_leaf=1, min_samples_split=2,
            min_weight_fraction_leaf=0.0, presort=False, random_state=None,
            splitter='best')",pct-other,0.8918106686701728,0.11180292365998917,0.11180292365998917,0.11180292365998917,0.11180292365998917,0.11180292365998917,0.11180292365998917,0.11180292365998917,0.9560185185185185,0.9560185185185185,0.9560185185185185,0.9560185185185185,0.9560185185185185,0.9560185185185185,0.9560185185185185,0.5231666744672221
111,"KNeighborsClassifier(algorithm='auto', leaf_size=30, metric='minkowski',
           metric_params=None, n_jobs=None, n_neighbors=3, p=2,
           weights='uniform')",pct-other,0.8918106686701728,0.11493333333333333,0.11493333333333333,0.11493333333333333,0.11493333333333333,0.11493333333333333,0.11493333333333333,0.11493333333333333,0.9976851851851852,0.9976851851851852,0.9976851851851852,0.9976851851851852,0.9976851851851852,0.9976851851851852,0.9976851851851852,0.5369967341674727
112,"AdaBoostClassifier(algorithm='SAMME.R',
          base_estimator=LogisticRegression(C=1.0, class_weight=None, dual=False, fit_intercept=True,
          intercept_scaling=1, max_iter=100, multi_class='warn',
          n_jobs=None, penalty='l2', random_state=0, solver='liblinear',
          tol=0.0001, verbose=0, warm_start=False),
          learning_rate=1.0, n_estimators=100, random_state=None)",eviction-filings,0.8918106686701728,0.12351543942992874,,0.12351543942992874,0.12351543942992874,0.12351543942992874,0.14583333333333334,0.14197823000473261,0.12037037037037036,0.0,0.12037037037037036,0.12037037037037036,0.12037037037037036,0.4212962962962963,0.6944444444444444,0.6191739601859653
113,"BaggingClassifier(base_estimator=KNeighborsClassifier(algorithm='auto', leaf_size=30, metric='minkowski',
           metric_params=None, n_jobs=None, n_neighbors=5, p=2,
           weights='uniform'),
         bootstrap=True, bootstrap_features=False,
         max_features=0.3333333333333333, max_samples=0.2, n_estimators=10,
         n_jobs=None, oob_score=False, random_state=None, verbose=0,
         warm_start=False)",eviction-filings,0.8918106686701728,0.17079889807162535,0.17079889807162535,0.17079889807162535,0.1664564943253468,0.16379310344827586,0.15963606286186932,0.13916500994035785,0.14351851851851852,0.14351851851851852,0.14351851851851852,0.3055555555555556,0.30787037037037035,0.44675925925925924,0.8101851851851852,0.6326169173245135
114,"RandomForestClassifier(bootstrap=True, class_weight=None, criterion='gini',
            max_depth=None, max_features='auto', max_leaf_nodes=None,
            min_impurity_decrease=0.0, min_impurity_split=None,
            min_samples_leaf=1, min_samples_split=2,
            min_weight_fraction_leaf=0.0, n_estimators=1000, n_jobs=None,
            oob_score=False, random_state=0, verbose=0, warm_start=False)",eviction-filings,0.8918106686701728,0.1726027397260274,0.1726027397260274,0.1726027397260274,0.16729559748427672,0.16191275167785235,0.16180150125104253,0.1463768115942029,0.14583333333333334,0.14583333333333334,0.14583333333333334,0.30787037037037035,0.44675925925925924,0.44907407407407407,0.7013888888888888,0.6469991913424237
115,"LinearSVC(C=1.0, class_weight=None, dual=True, fit_intercept=True,
     intercept_scaling=1, loss='squared_hinge', max_iter=1000,
     multi_class='ovr', penalty='l2', random_state=0, tol=0.0001,
     verbose=0)",eviction-filings,0.8918106686701728,0.12351543942992874,0.12351543942992874,0.12351543942992874,0.12351543942992874,0.14336075205640422,0.14583333333333334,0.14197823000473261,0.12037037037037036,0.12037037037037036,0.12037037037037036,0.12037037037037036,0.2824074074074074,0.4212962962962963,0.6944444444444444,0.6191739601859653
116,"LogisticRegression(C=1.0, class_weight=None, dual=False, fit_intercept=True,
          intercept_scaling=1, max_iter=100, multi_class='warn',
          n_jobs=None, penalty='l1', random_state=0, solver='liblinear',
          tol=0.0001, verbose=0, warm_start=False)",eviction-filings,0.8918106686701728,0.12351543942992874,0.12351543942992874,0.12351543942992874,0.12351543942992874,0.14336075205640422,0.14583333333333334,0.14197823000473261,0.12037037037037036,0.12037037037037036,0.12037037037037036,0.12037037037037036,0.2824074074074074,0.4212962962962963,0.6944444444444444,0.6191739601859653
117,"DecisionTreeClassifier(class_weight=None, criterion='gini', max_depth=5,
            max_features=None, max_leaf_nodes=None,
            min_impurity_decrease=0.0, min_impurity_split=None,
            min_samples_leaf=1, min_samples_split=2,
            min_weight_fraction_leaf=0.0, presort=False, random_state=None,
            splitter='best')",eviction-filings,0.8918106686701728,0.17079889807162535,0.17079889807162535,0.17079889807162535,0.1664564943253468,0.16134453781512606,0.15676449534717252,0.1437389770723104,0.14351851851851852,0.14351851851851852,0.14351851851851852,0.3055555555555556,0.4444444444444444,0.5069444444444444,0.7546296296296297,0.644389905561276
118,"KNeighborsClassifier(algorithm='auto', leaf_size=30, metric='minkowski',
           metric_params=None, n_jobs=None, n_neighbors=3, p=2,
           weights='uniform')",eviction-filings,0.8918106686701728,0.1282608695652174,0.1282608695652174,0.1282608695652174,0.1282608695652174,0.1282608695652174,0.1282608695652174,0.10818933132982719,0.4097222222222222,0.4097222222222222,0.4097222222222222,0.4097222222222222,0.4097222222222222,0.4097222222222222,1.0,0.5359478844893757
119,"AdaBoostClassifier(algorithm='SAMME.R',
          base_estimator=LogisticRegression(C=1.0, class_weight=None, dual=False, fit_intercept=True,
          intercept_scaling=1, max_iter=100, multi_class='warn',
          n_jobs=None, penalty='l2', random_state=0, solver='liblinear',
          tol=0.0001, verbose=0, warm_start=False),
          learning_rate=1.0, n_estimators=100, random_state=None)",evictions,0.8918106686701728,0.1357254290171607,0.1357254290171607,0.1357254290171607,0.1357254290171607,0.1357254290171607,0.1357254290171607,0.13251231527093596,0.4027777777777778,0.4027777777777778,0.4027777777777778,0.4027777777777778,0.4027777777777778,0.4027777777777778,0.6226851851851852,0.5881147487701125
120,"BaggingClassifier(base_estimator=KNeighborsClassifier(algorithm='auto', leaf_size=30, metric='minkowski',
           metric_params=None, n_jobs=None, n_neighbors=5, p=2,
           weights='uniform'),
         bootstrap=True, bootstrap_features=False,
         max_features=0.3333333333333333, max_samples=0.2, n_estimators=10,
         n_jobs=None, oob_score=False, random_state=None, verbose=0,
         warm_start=False)",evictions,0.8918106686701728,0.1357254290171607,0.1357254290171607,0.1357254290171607,0.1357254290171607,0.1357254290171607,0.1357254290171607,0.13251231527093596,0.4027777777777778,0.4027777777777778,0.4027777777777778,0.4027777777777778,0.4027777777777778,0.4027777777777778,0.6226851851851852,0.583602127471476
121,"RandomForestClassifier(bootstrap=True, class_weight=None, criterion='gini',
            max_depth=None, max_features='auto', max_leaf_nodes=None,
            min_impurity_decrease=0.0, min_impurity_split=None,
            min_samples_leaf=1, min_samples_split=2,
            min_weight_fraction_leaf=0.0, n_estimators=1000, n_jobs=None,
            oob_score=False, random_state=0, verbose=0, warm_start=False)",evictions,0.8918106686701728,0.13576415826221877,0.13576415826221877,0.13576415826221877,0.13576415826221877,0.13576415826221877,0.13576415826221877,0.13251833740831295,0.4050925925925926,0.4050925925925926,0.4050925925925926,0.4050925925925926,0.4050925925925926,0.4050925925925926,0.6273148148148148,0.5910068046844935
122,"LinearSVC(C=1.0, class_weight=None, dual=True, fit_intercept=True,
     intercept_scaling=1, loss='squared_hinge', max_iter=1000,
     multi_class='ovr', penalty='l2', random_state=0, tol=0.0001,
     verbose=0)",evictions,0.8918106686701728,0.1357254290171607,0.1357254290171607,0.1357254290171607,0.1357254290171607,0.1357254290171607,0.1357254290171607,0.13251231527093596,0.4027777777777778,0.4027777777777778,0.4027777777777778,0.4027777777777778,0.4027777777777778,0.4027777777777778,0.6226851851851852,0.5881147487701125
123,"LogisticRegression(C=1.0, class_weight=None, dual=False, fit_intercept=True,
          intercept_scaling=1, max_iter=100, multi_class='warn',
          n_jobs=None, penalty='l1', random_state=0, solver='liblinear',
          tol=0.0001, verbose=0, warm_start=False)",evictions,0.8918106686701728,0.1357254290171607,0.1357254290171607,0.1357254290171607,0.1357254290171607,0.1357254290171607,0.1357254290171607,0.13251231527093596,0.4027777777777778,0.4027777777777778,0.4027777777777778,0.4027777777777778,0.4027777777777778,0.4027777777777778,0.6226851851851852,0.5881147487701125
124,"DecisionTreeClassifier(class_weight=None, criterion='gini', max_depth=5,
            max_features=None, max_leaf_nodes=None,
            min_impurity_decrease=0.0, min_impurity_split=None,
            min_samples_leaf=1, min_samples_split=2,
            min_weight_fraction_leaf=0.0, presort=False, random_state=None,
            splitter='best')",evictions,0.8918106686701728,0.1357254290171607,0.1357254290171607,0.1357254290171607,0.1357254290171607,0.1357254290171607,0.1357254290171607,0.13251833740831295,0.4027777777777778,0.4027777777777778,0.4027777777777778,0.4027777777777778,0.4027777777777778,0.4027777777777778,0.6273148148148148,0.5906957575379368
125,"KNeighborsClassifier(algorithm='auto', leaf_size=30, metric='minkowski',
           metric_params=None, n_jobs=None, n_neighbors=3, p=2,
           weights='uniform')",evictions,0.8918106686701728,0.1270053475935829,0.1270053475935829,0.1270053475935829,0.1270053475935829,0.1115736885928393,0.1115736885928393,0.10818933132982719,0.2199074074074074,0.2199074074074074,0.2199074074074074,0.2199074074074074,0.3101851851851852,0.3101851851851852,1.0,0.5097809214016038
126,"AdaBoostClassifier(algorithm='SAMME.R',
          base_estimator=LogisticRegression(C=1.0, class_weight=None, dual=False, fit_intercept=True,
          intercept_scaling=1, max_iter=100, multi_class='warn',
          n_jobs=None, penalty='l2', random_state=0, solver='liblinear',
          tol=0.0001, verbose=0, warm_start=False),
          learning_rate=1.0, n_estimators=100, random_state=None)",eviction-rate,0.8918106686701728,0.13561964146531566,0.13561964146531566,0.13561964146531566,0.13561964146531566,0.13561964146531566,0.13561964146531566,0.12468703054581873,0.4027777777777778,0.4027777777777778,0.4027777777777778,0.4027777777777778,0.4027777777777778,0.4027777777777778,0.5763888888888888,0.5530551525268599
127,"BaggingClassifier(base_estimator=KNeighborsClassifier(algorithm='auto', leaf_size=30, metric='minkowski',
           metric_params=None, n_jobs=None, n_neighbors=5, p=2,
           weights='uniform'),
         bootstrap=True, bootstrap_features=False,
         max_features=0.3333333333333333, max_samples=0.2, n_estimators=10,
         n_jobs=None, oob_score=False, random_state=None, verbose=0,
         warm_start=False)",eviction-rate,0.8918106686701728,0.20930232558139536,0.1875,0.1750841750841751,0.1750841750841751,0.14767726161369193,0.14767726161369193,0.14767726161369193,0.020833333333333332,0.041666666666666664,0.12037037037037036,0.12037037037037036,0.6990740740740741,0.6990740740740741,0.6990740740740741,0.6375016901203366
128,"RandomForestClassifier(bootstrap=True, class_weight=None, criterion='gini',
            max_depth=None, max_features='auto', max_leaf_nodes=None,
            min_impurity_decrease=0.0, min_impurity_split=None,
            min_samples_leaf=1, min_samples_split=2,
            min_weight_fraction_leaf=0.0, n_estimators=1000, n_jobs=None,
            oob_score=False, random_state=0, verbose=0, warm_start=False)",eviction-rate,0.8918106686701728,0.8292682926829268,0.6666666666666666,0.45145631067961167,0.3389830508474576,0.1825242718446602,0.1825242718446602,0.1825242718446602,0.0787037037037037,0.125,0.2152777777777778,0.32407407407407407,0.8703703703703703,0.8703703703703703,0.8703703703703703,0.7782532866340084
129,"LinearSVC(C=1.0, class_weight=None, dual=True, fit_intercept=True,
     intercept_scaling=1, loss='squared_hinge', max_iter=1000,
     multi_class='ovr', penalty='l2', random_state=0, tol=0.0001,
     verbose=0)",eviction-rate,0.8918106686701728,0.1357254290171607,0.1357254290171607,0.1357254290171607,0.1357254290171607,0.1357254290171607,0.1357254290171607,0.1245,0.4027777777777778,0.4027777777777778,0.4027777777777778,0.4027777777777778,0.4027777777777778,0.4027777777777778,0.5763888888888888,0.5533366225675268
130,"LogisticRegression(C=1.0, class_weight=None, dual=False, fit_intercept=True,
          intercept_scaling=1, max_iter=100, multi_class='warn',
          n_jobs=None, penalty='l1', random_state=0, solver='liblinear',
          tol=0.0001, verbose=0, warm_start=False)",eviction-rate,0.8918106686701728,0.1357254290171607,0.1357254290171607,0.1357254290171607,0.1357254290171607,0.1357254290171607,0.1357254290171607,0.1245,0.4027777777777778,0.4027777777777778,0.4027777777777778,0.4027777777777778,0.4027777777777778,0.4027777777777778,0.5763888888888888,0.5533366225675268
131,"DecisionTreeClassifier(class_weight=None, criterion='gini', max_depth=5,
            max_features=None, max_leaf_nodes=None,
            min_impurity_decrease=0.0, min_impurity_split=None,
            min_samples_leaf=1, min_samples_split=2,
            min_weight_fraction_leaf=0.0, presort=False, random_state=None,
            splitter='best')",eviction-rate,0.8918106686701728,0.2916666666666667,0.22429906542056074,0.18303571428571427,0.14276228419654716,0.14276228419654716,0.14276228419654716,0.12443609022556391,0.032407407407407406,0.05555555555555555,0.09490740740740741,0.4976851851851852,0.4976851851851852,0.4976851851851852,0.7662037037037037,0.5920855564916222
132,"KNeighborsClassifier(algorithm='auto', leaf_size=30, metric='minkowski',
           metric_params=None, n_jobs=None, n_neighbors=3, p=2,
           weights='uniform')",eviction-rate,0.8918106686701728,0.43137254901960786,0.43137254901960786,0.24153846153846154,0.24153846153846154,0.10818933132982719,0.10818933132982719,0.10818933132982719,0.10185185185185185,0.10185185185185185,0.36342592592592593,0.36342592592592593,1.0,1.0,1.0,0.6165464731088854
133,"AdaBoostClassifier(algorithm='SAMME.R',
          base_estimator=LogisticRegression(C=1.0, class_weight=None, dual=False, fit_intercept=True,
          intercept_scaling=1, max_iter=100, multi_class='warn',
          n_jobs=None, penalty='l2', random_state=0, solver='liblinear',
          tol=0.0001, verbose=0, warm_start=False),
          learning_rate=1.0, n_estimators=100, random_state=None)",eviction-filing-rate,0.8918106686701728,0.12264150943396226,0.12264150943396226,0.0,0.12264150943396226,0.13607990012484394,0.1411764705882353,0.12862862862862862,0.12037037037037036,0.12037037037037036,0.0,0.12037037037037036,0.2523148148148148,0.3888888888888889,0.5949074074074074,0.5638556715238124
134,"BaggingClassifier(base_estimator=KNeighborsClassifier(algorithm='auto', leaf_size=30, metric='minkowski',
           metric_params=None, n_jobs=None, n_neighbors=5, p=2,
           weights='uniform'),
         bootstrap=True, bootstrap_features=False,
         max_features=0.3333333333333333, max_samples=0.2, n_estimators=10,
         n_jobs=None, oob_score=False, random_state=None, verbose=0,
         warm_start=False)",eviction-filing-rate,0.8918106686701728,0.3170731707317073,0.32653061224489793,0.2727272727272727,0.25061425061425063,0.18870192307692307,0.1649805447470817,0.14481576692373607,0.03009259259259259,0.07407407407407407,0.1597222222222222,0.2361111111111111,0.36342592592592593,0.49074074074074076,0.7824074074074074,0.656901346375862
135,"RandomForestClassifier(bootstrap=True, class_weight=None, criterion='gini',
            max_depth=None, max_features='auto', max_leaf_nodes=None,
            min_impurity_decrease=0.0, min_impurity_split=None,
            min_samples_leaf=1, min_samples_split=2,
            min_weight_fraction_leaf=0.0, n_estimators=1000, n_jobs=None,
            oob_score=False, random_state=0, verbose=0, warm_start=False)",eviction-filing-rate,0.8918106686701728,0.925,0.7951807228915663,0.6192893401015228,0.47665847665847666,0.35375,0.2888146911519199,0.21632448673009513,0.08564814814814815,0.1527777777777778,0.2824074074074074,0.44907407407407407,0.6550925925925926,0.8009259259259259,1.0,0.8787198898561578
136,"LinearSVC(C=1.0, class_weight=None, dual=True, fit_intercept=True,
     intercept_scaling=1, loss='squared_hinge', max_iter=1000,
     multi_class='ovr', penalty='l2', random_state=0, tol=0.0001,
     verbose=0)",eviction-filing-rate,0.8918106686701728,0.12351543942992874,0.12351543942992874,0.12351543942992874,0.12351543942992874,0.13686806411837238,0.1396508728179551,0.12856428214107055,0.12037037037037036,0.12037037037037036,0.12037037037037036,0.12037037037037036,0.2569444444444444,0.3888888888888889,0.5949074074074074,0.5646981315069632
137,"LogisticRegression(C=1.0, class_weight=None, dual=False, fit_intercept=True,
          intercept_scaling=1, max_iter=100, multi_class='warn',
          n_jobs=None, penalty='l1', random_state=0, solver='liblinear',
          tol=0.0001, verbose=0, warm_start=False)",eviction-filing-rate,0.8918106686701728,0.12351543942992874,0.12351543942992874,0.12351543942992874,0.12351543942992874,0.13686806411837238,0.1396508728179551,0.12856428214107055,0.12037037037037036,0.12037037037037036,0.12037037037037036,0.12037037037037036,0.2569444444444444,0.3888888888888889,0.5949074074074074,0.5646981315069632
138,"DecisionTreeClassifier(class_weight=None, criterion='gini', max_depth=5,
            max_features=None, max_leaf_nodes=None,
            min_impurity_decrease=0.0, min_impurity_split=None,
            min_samples_leaf=1, min_samples_split=2,
            min_weight_fraction_leaf=0.0, presort=False, random_state=None,
            splitter='best')",eviction-filing-rate,0.8918106686701728,0.47619047619047616,0.20588235294117646,0.20588235294117646,0.15532425940752603,0.15532425940752603,0.15532425940752603,0.12867791290702235,0.046296296296296294,0.14583333333333334,0.14583333333333334,0.44907407407407407,0.44907407407407407,0.44907407407407407,0.7592592592592593,0.6121420845164175
139,"KNeighborsClassifier(algorithm='auto', leaf_size=30, metric='minkowski',
           metric_params=None, n_jobs=None, n_neighbors=3, p=2,
           weights='uniform')",eviction-filing-rate,0.8918106686701728,0.51,0.51,0.23946629213483145,0.23946629213483145,0.23946629213483145,0.23946629213483145,0.10818933132982719,0.11805555555555555,0.11805555555555555,0.7893518518518519,0.7893518518518519,0.7893518518518519,0.7893518518518519,1.0,0.7551954949192383
